"123",1751816802474,"111"
"123",1751820511419,"111"
"123",1751825168324,"111"
"123",1751825173898,"444"
"123",1751825379763,"111"
"111",1751825876626,"1111"
"111",1751826195195,"111"
"123",1751830712431,"111"
"123",1751830754398,"222"
"111",1751830850311,"aaa"
"123",1751831024654,"111"
"111",1751832404316,"aaa"
"123",1751833133029,"111"
"123",1751834137769,"111"
"123",1751834508619,"aaa"
"123",1751836169512,"111"
"123",1751838511362,"lii: 123"
"123",1751838514185,"lii: aaa"
"123",1751838542860,"aaa: 123"
"123",1751838546817,"aaa: zzz"
"general",1751838824503,"User: 123"
"general",1751838832276,"User: 222"
"general",1751838837954,"User2: 123"
"general",1751838842092,"User2: sss"
"general",1751838992495,"User: 1"
"general",1751838993970,"User2: 1"
"general",1751838996947,"User: 123"
"general",1751838998395,"User2: 123"
"general",1751859162316,"User2: 111"
"general",1751859164106,"User1: 222"
"general",1751859274912,"User2: 123123"
"general",1751859276827,"User2: 12312312313"
"general",1751859278776,"User2: Èöµ©·¨µÄ·¢"
"general",1751859683287,"User1: 1231"
"general",1751859688190,"User1: 123"
"general",1751859690310,"User2: 123123"
"general",1751859748123,"User2: 213123"
"general",1751859821162,"User1: asdfad"
"general",1751859834186,"User2: 123123"
"general",1751860148342,"User: 12312312"
"general",1751860181621,"User2: 33333"
"general",1751860188471,"User: 123123"
"general",1751860191945,"User2: 123123"
"general",1751860208886,"User: 1"
"general",1751860210179,"User2: 2"
"general",1751861418608,"User: 111"
"general",1751861456426,"User2: 111"
"general",1751861457978,"User2: 2222"
"general",1751818676338,"User1: 123"
"general",1751818678073,"User2: 123"
"general",1751818685003,"User1: aaa"
"general",1751818726587,"User3: 12312"
"general",1751819096590,"User3: 12313"
